C_id,Name of Colleges,Name of Old_Colleges
C1,College of Art and Science,College of Science
C2,Cyber College,Computer Communications
C3,College of Education,College of Education
C4,College of Business,College of Business and IS
